{
	"schemaVersion": 1,
	"id": "friend-finder",
	"version": "${version}",
	"name": "Friend Finder",
	"description": "This is an example description! Tell everyone what your mod is about!",
	"authors": [
		"Me!"
	],
	"contact": {
		"homepage": "https://fabricmc.net/",
		"sources": "https://github.com/FabricMC/fabric-example-mod"
	},
	"license": "CC0-1.0",
	"icon": "assets/friend-finder/icon.png",
	"environment": "*",
	"entrypoints": {
		"main": [
			"com.example.friendfinder.FriendFinder"
		],
		"client": [
			"com.example.friendfinder.FriendFinderClient"
		]
	},
	"mixins": [
		"friend-finder.mixins.json",
		{
			"config": "friend-finder.client.mixins.json",
			"environment": "client"
		}
	],
	"depends": {
		"fabricloader": ">=0.16.12",
		"minecraft": "~1.21.5",
		"java": ">=21",
		"fabric-api": "*"
	},
	"suggests": {
		"another-mod": "*"
	}
}